dialog_id,participant_index,is_bot
dae9e2dae9f840549764f8d9bbbb80f0,0,0
159da0d7937c4c1e84a51f0df7e3ade6,0,0
1aed86f082234446951360d00979f0d9,0,0
ab3dbd121828403ba30d0ed4008fbea4,0,0
08ce7e4224cc411ba629f1983eba031f,0,1
227d224441894d27ac78ac0be4e4b33d,0,0
263d0d3983c748b899a1f53fcaddc92f,0,1
0a9c2686a58a42518d336f31335bca25,0,0
6f2f2b1288de41a58d79acb9d096a77d,0,1
77ef63fc15ae4684b7e00e1aeae5b3d5,0,0
ea6591f078224c2cbdbcd0f874f0a788,0,0
957768088746497f89f81d3d9f28baff,0,1
e43136444948418fb410019e49dc66b1,0,0
39283fbdf1954537ab42631b37a4a994,0,0
14bee06d521146c4bd5ad4f644b27a35,0,0
6500e29221d14bb88b5f407d2d7e1848,0,0
a86175f0b89b4152a1202f7a8b6923c1,0,0
6c22fc117ca444aa9937796444071dfd,0,0
93af5a6ff6d24152b0809a70e4c2f0d0,0,0
dd398bd8372042cfba6403d521acba86,0,0
937b88e236fc4457addce2400f8e8759,0,0
7043f31bee4c4c5d893d134b484ac507,0,1
0c99595c452e4c78ae3adef135e0904b,0,0
6ae8e2ed7d49425eae9e20b823c5c614,0,1
0e60b18c7f444cd08bd8a57f85704a7d,0,1
1186d5905f284bda906d026a9759fc87,0,0
48fc10f47d93434fad3ce033c3c04f79,0,0
2d6196fbbb0e49c89544730970ab9b77,0,1
38aff9984e484dd2adff4a559cf07d2c,0,1
2aaa6b764dcf4429a8f547af7ca2aece,0,1
cd9fec086c3c48bfbccafec68d4e25e1,0,0
751218014b6b44428d3a864e6aeb5e14,0,0
018d5cd0f84b43f6a1ce28a0fc525ba4,0,0
d6c2182f6f84478584ebb7e05e2f4db4,0,0
abbed926f57c42088343bd412875fe53,0,0
8fbb30b76bd94db1bb6562f21fb3e36a,0,0
b8b2bcd348684c6d9d07ce0dc3783136,0,0
83e78559ac8d4f4b99cccff09bbf8745,0,1
6790f37e19b8463e860d2d2d63078206,0,0
be05d126dd31445989e3e31442891f76,0,0
ea55034969d24c1589eac2981ade13be,0,0
4fb20c4cfc5846f3ba9b12d4cf144445,0,0
8323328fcd814d7c9822449224eea815,0,0
3f836e031cde4159bf260babe3a0810e,0,0
d449cf83c9bc4238ac8d104fdcaa3f9c,0,0
00ee738403dc4b4f98300d110ad7e8ef,0,0
40a97e8fc0dd4a0d9feb267a47859c26,0,0
f3c7463dfd174c61b13895df76b95226,0,1
092816be84bf4254843d126aa1b0993d,0,1
f68b1a74a43d4002a298e1a66ce9aced,0,0
c87566e8fa8147e4bc1705cd40f55860,0,1
5d722e49c3f544658f78a9c3d8abab58,0,1
42709dd80b484c468132f9a4d750edaa,0,1
223b1c3dc0fe4503ac06c5dd0ee0b4a3,0,0
69243a5f498548d5ad4165cc4f027586,0,0
2dc2ff98a55e4c90a2f72fb5855af71b,0,0
d71e226b3fe341fc9633a941810acbb7,0,1
8bd0e349b467479795034dc2fba1127a,0,0
cf42f06b525149b282058786003a37d9,0,0
74888d1775e644d9b4463230abdb766a,0,0
80a71ad9d3614ebd8b633205473290b4,0,0
6d1cbfafcf614d26b1b20f259192c934,0,0
54afd27aa4b449b683de0d96af88ea3a,0,0
39c8644727304dcf9d77b43666ba95ee,0,0
0cdfbaf24bbe40b2a548ddb4c8e1f18b,0,0
26d2f1734e744461bfa3f16a813449fd,0,0
6063d92db6044e9eaab18749cd3b5f8e,0,0
995b6a00ea55414a9b227db08cf72044,0,1
850584cef5b94d6aae40b73621e8b982,0,0
5ba9e0797b8f4bab975f7aa264836d76,0,1
889c3a7c58c3477995ca63eb2b20dcec,0,1
7a0ce512f063406eb398820082901817,0,0
92d5940e9f0d4263acc6fe0aa738c615,0,0
4b50221851524306a2247260b1890955,0,0
4915513278124f4385b642c172e8692d,0,1
309118d15e3b41a0b84f4245b2b86f2c,0,0
28944bf0cc1647078e1a8abbbf61dcde,0,0
b8b5b2ae661943e981cb914ba6c09ca6,0,0
71df2d40b25843c9a367e3be97f07d56,0,0
d778714c74784731b2a63df6db1707f2,0,0
f8c1abd0e7e44ce291ee19171b0af5a5,0,0
e86c854090be4882aa16d9dd65e3669e,0,0
d25551a6668f44a387f2bf402bcc9112,0,0
097b85806a7847439bbf81cc6b25ba4d,0,0
60f38af6c20f4aa8a1fb847f78c97546,0,0
9f8bc0e64d7046fe8932c0f356c74142,0,0
f676d51baa8b46e0b0c890877e8aaa32,0,0
964c0bd9dda24e1c9428ca956fe65339,0,0
250f366d14b641f1a959c097eceb823e,0,0
33cb0b05788e4b3993775a74f99a5f0c,0,0
b49c81e409c741c79c7aab09ad66b7c8,0,0
3084e63d99704672810a890d1863bb61,0,0
527c4059e9d743ad88a2d4556b640146,0,0
4a9bc8992a6b4b5981ee6658f1f59532,0,1
cea4f53ff1764699823dac24762dbe53,0,0
fa3086acfbf14fa2b156fff3dc4b8c53,0,0
dcfa9e9941bf41fcae96959f7035a9b5,0,0
c145c4ed05a543b29c4173872907f03d,0,0
598b4afffae44f37b6da28efdab98d31,0,1
6271e7d5b484465c9c6e22fdd0deff36,0,0
27ad31421379429babd533c6c45559e0,0,0
cf5487b507624aea9adf51cd2f653480,0,0
9bc5ec0c3d004bf084bd32478fd8a531,0,0
8831faafa7554f18b9432196bf54e556,0,0
74a03141a7ad40a2a66369026de4a00c,0,0
01d09fb03a5f4e52a510494186ad8c8b,0,1
18de475e9bb145c88a1de9c45ec5e89c,0,0
0f4c347ed3fe4553b1af96228800f5f8,0,0
147122b1d5f8461ebc404ffbd1c121fe,0,0
7fa9758fb34b435082b187441d6c7dd0,0,1
af3522cbe9a44ed7a2a22645a63aebf1,0,0
5a0ad10b05614fe78b06458ccaf33bbe,0,0
b717b0ee766d477fa52621e9b3f0cd9b,0,0
37c8ad7d57ff4163b81f9f593ed39184,0,0
56b1099d0b7541c2a9b8bb16fa10ba4a,0,0
57fb32830f2d4091b63fb788dafb749a,0,0
3e7ef0e97bb94802bf673514e01a8973,0,0
9d0dbfa6abcc455c8d65121aefd35a14,0,0
952030c9759a40ac873a4daecf4c2206,0,1
e0f3ed8d730f4be496eba87d6aa9e8a2,0,0
4a44ecb148d748739680c2d174280e92,0,1
e06ad69b560c470db86b11d6a8804fd5,0,0
90d632c5f5ac42969f99166953edbabb,0,0
e128e4da0f484fc8942c8a4b5a771239,0,0
f63cb8ba79c04a58b99eabfd692f1172,0,0
0af08679849c41198a46ef1d4f3736e3,0,0
306efc08e4f2446c94404f47dd76f990,0,1
04b0c81b6d474037a102d7070ca94c25,0,0
8c7e2f1c39d64464ba96ad2f38e00340,0,1
e7f36b1c47cc4591a314ec1d116cbfa4,0,0
f09861b50d084550a92f5eee31a58876,0,0
91064cadf577475c9644c3763418f506,0,0
ff7b05efe03444e88ecb6d708f128250,0,0
4586d3d5e3064c359158ea1ca5921f66,0,1
af6539d0816d41f8a71fd30cc115fb1d,0,0
f8f52534e54242a690c4481f362320cf,0,0
1078c684d6fe43389cc8e6a6113ef42b,0,1
0cde1ee48006451c8f7ea3b6d7a0cac2,0,0
2a24745d5fe44050bb8bf7354d2ae0fc,0,0
6d20a0ca478b45fe8da6be3638d153aa,0,1
ffaae6fbca6d4d2aa5f2d5c42dae18fa,0,0
70b61922be984c889a2d441f5bfd52e1,0,0
1b7dd6a9f3084b3cb3df3f0d71610ebc,0,0
47c8255c71184ad28f571ee19f2983c9,0,0
1148b7b4129e49a7aa42251311c80ce4,0,0
0cbb7e7a6f0743f2a1cd54c37aab6045,0,0
1f5e3e2703364e68ad7f499fcfbaa661,0,0
3fa821b36684492ea40bf6bb9a8f73e9,0,0
fb73c25540ee4f0a82f123b5e0eed65d,0,0
c12a0f59d6ef4807bf92182977413e87,0,0
f3c960081f4243f8b4351a836404ab8e,0,0
73f117420eec4895b98469d5014d41b7,0,0
4fc54ea3b695439190670daaa7eb24b5,0,1
0e99ac5eb2c04bada959c460ab611a7c,0,0
db3394372c5f4f21ba07d240055c8d91,0,0
7213b83d707049fc9f0539394bebc2da,0,1
0d6cad6ce31c4ff1ace59acb6fa43215,0,0
569d1d2fc8a640de8170b270a73692c9,0,0
83aa23837cce44619dd9cebd65e5b62d,0,0
610ebb602dc245ebbd0dace2da5b56c8,0,0
1e71917fc7ae4848b598f73e17d6a48a,0,1
b62a38ea330b4513a0fc80ecb2fe9d08,0,0
954d65edfe1f4a05bca87f9b8e5af431,0,0
ecb74285229d4da482337afc23264076,0,1
46b0eaac840845349e24ba15557b16bb,0,0
8aa91c14f2db4c2a8b5a12c209066a1b,0,0
49199f137ff64dd5af4b968bb455a2e2,0,0
1bffabaa2fd64529b756df8eb9138211,0,0
02dc01acba984ccababd75c0bce1a2b2,0,0
2634bba2afcc435098a148006635ea97,0,0
50e618d1fee74b7ca2ddddf3e257429f,0,0
987fc7b11d634f2e9cf6ea2be2f232e7,0,0
1ec8720c26b24f9c84f02786afcbef8a,0,0
73a0cc86b70d45a8be040727650562f6,0,0
72f17d77c0c64ac7958e64935cbef571,0,0
0c5cb9ba84444aba99a59c6c03ef8c6a,0,1
96fcbd8178f545a29e533059432f8b60,0,0
6c7845e97ecb4eb890f9721b8a1723b4,0,1
68d2b11017ed405f8d5a0b9e37a2bba8,0,0
29577c427e3440ba81a9ff18c7937216,0,1
f6468f5002e14b499737c86c820a3e47,0,0
63ccb5f4b32247089ee0f991226e349f,0,0
4ee8f6be684a419581574fa23752e1ee,0,0
53804bb263b04f2890d682600847e942,0,1
6a7327ed2ddf412993d80f7d52457c05,0,0
03cb0027c08a4c329e93a592e4a644b4,0,1
b2b97a8d55e94028aed39bfea921bb42,0,0
bce6db561e2e496fbd37527e61b673eb,0,0
ebdaf5c802ae40cb9154afc557f79065,0,0
528c06b5d5a24b4aa4f612fd19f5845b,0,0
ee9871c453b3451da34a23b3d046a63a,0,0
4c30dd8ee4684f3fb64339b71b14bede,0,0
82a1ed2e6f1d4501b3f3964600c49fec,0,0
6ac64c63e4604264bef69c169b780b14,0,0
28728a1e986a4495aea870cc123df193,0,1
1fb14052b9d2496686dfb81878431c7a,0,0
ca896eea58334acca7aed10be0c97251,0,1
1173f1c283d44182a1e0a97602ee41e4,0,0
52b662478cf944e0bf44d79903a1899f,0,0
5d6464d793134e539f0c5f88a6943efa,0,0
5b9ce4adc79148aba46ed028f09ed63f,0,0
5b263633ccf24e288d0fef467856d4cf,0,0
1c0a00a01f9c490d833cad5d4e74fc14,0,1
d1cb77cd0c7241e2840194544307f27e,0,0
ed1c7938c8e34505a0ef4a7941e33715,0,0
3690829925924d65b413ca7a0bc45c76,0,0
ca98c76c71bf4836aa5b5c2aa15107e5,0,1
04ecc0042e7d4ecfbd29dc2cd92097fe,0,0
cb246101449d44988485fc2b4f476999,0,0
93083a47a0c44d6190b47a5da4f019ea,0,0
3b9bc684829847b0ab44f7b04e0f40f3,0,0
39fb97f4d54348f1ac02d4983a2d2670,0,1
9f7f772ca3be4386aa50084da9aaa2bd,0,0
080a3b08902148d585038bc4399c505e,0,1
d91e04535aad42218ad39b01c1be96b9,0,0
8491e6e2bf1a4523b9dcad206ba5f78a,0,0
e59d09e5413b46f4b7df54417843d541,0,0
198e4634a55d4daca01045d18b523488,0,0
59ef0f896f2247b0a6d88d6ed9eb2736,0,0
28841659dc41406596141ef11686fd87,0,1
39572d412766404ba4ce53d5957cf850,0,0
a5d81e088bca436b942b9aaef18ee7f5,0,0
b7945afa5b9a4adc994331f67f26a66a,0,1
faf3fe1c8c6245b09f80fadee17dd531,0,0
4dc806b03ff44172b823c7a2b64d0afe,0,0
b537c23ead5842509c790f5c6208b19e,0,0
24f60cdb6db44a02b91114a2691309c2,0,0
f1097126e09f41f5b0a280a8ee2ea694,0,0
1e7d8b4d5a80481a899f2d99dfb2986c,0,0
6bdaa3ff614e4b8e8dd0e2851fbe82d2,0,0
0ef6e1c640054d3ea1f29da2698667b8,0,0
bb9c17848b7040bb8be38e19f8fa43a8,0,1
ad1c1b4310434d958ea653926cd50190,0,0
29fb9f5ef61c40979eadd4afe2f0f94f,0,0
ff7a1658bcfb4d0fac649ecc5aee7b67,0,1
6229a69a1d34499fb157bec19a9ff37c,0,0
1727f9981b124c60911f8afe05026591,0,1
a8ab178f397c42cfb18fa7ab9a118f1c,0,0
d7cd699c9ae44306a79e9890ba37c197,0,0
50325e4bb35e427eaa4d5f03f80112c1,0,0
c1725c9fb5bb4c5dbdfda1b4087bb074,0,0
336c88470a0f4e85935a3313511634ca,0,0
5bd04290f979478e802d8afdd227329a,0,0
4b283e53dffc42ac9ef409df9297eb5b,0,0
d654edb40e15460f96bc5f63edd48c98,0,0
ec98bbeb38534b03b550e48ba0ac2c69,0,1
790f2751d74f45348229b4b8570eb18e,0,0
cbfd3351d8764ba1818d1923c821bc0b,0,0
3a3045b958c7459d9bc2eed51979633d,0,0
76842e356f654c40b512a3d126a72ebc,0,0
9505f957b06046698896dfb7eea0637f,0,0
e2c3761c5bec48269cc52af3c99000ff,0,0
187bb367f34b4691bf79fcfe9f2a2cda,0,0
988ea60ff4b345e1a19611e31b6664a5,0,0
c72bd61874ae4cc3834f57255a22f326,0,0
0d35ae1f949b480f8f440379e3fee844,0,0
5416ab78d9b04272958fd6c4b305804c,0,1
6c6a17ca290e453da7cbdd4470e5bc60,0,0
050985c699ba4bf68cca3d1eed9d4409,0,0
591de854442a486eab372c938cd6f6a7,0,0
7c2918d98eae46efa21b3cc93fbff198,0,0
32adef17b9d548488f9e9fa8346eb9d3,0,0
866dd386141f42daa0337315f6150760,0,0
f152dad5f2ac461e9e6193709d94161b,0,0
9825a55a5cb84f8f9be3c67d75f2fe1f,0,0
bd4ff294f995485583be523a97d53e93,0,0
2ff31817dec4466db68bcdbab5c7b1df,0,0
bae31eda7728426a929e7122dabde83a,0,0
7375342160184ae8851286c5d0027ba2,0,0
76589e897afd4a7293c8aa7aeffaef32,0,0
5923562d4a2946e4925f16cc3953898e,0,0
2b4103483beb4a979f829afc7cbaaf90,0,0
607a8b0c82854829913f9a0968abb8d2,0,0
9c9978cfa3ab42329c82ff5d5e0d58c7,0,0
5f23360d4fe34fa5906e7140ed5676cd,0,0
96e8c7a4efd14173a61e8a8d53aaaf3e,0,0
edfc05a8bdaf4f09b881cbe69a60eddf,0,1
6987b95803444a8c98829cf6da7c68c4,0,0
1fa69c5f874e4f209b7334f33ea1a706,0,1
28aac7c60e0841ed9d16b856351eacc4,0,0
6571842683ec43d681d78569e0dd6510,0,0
9d38ad3ad218457fa73b50c469a12bfd,0,0
fbf033e8d97c418f93d73e6618875812,0,0
d11487c809854ea7a6854aff9b867684,0,0
f53b399d551f4ad9a95817c84e88c2d8,0,1
15e402f1f9f74da7ae590971f85d8c8c,0,0
a51733f9f5924d36945dba94d011a85c,0,0
738a0ed54e984cec99786b7a81155502,0,0
10c99dd010e343a5945a8539e8f7b76c,0,0
1457a8f536de405d9344e323aa11eac9,0,0
a913217c353741b78a6c7e24c5f73bab,0,0
9e889827f13642a685ad878bdbe2d6f5,0,0
000c0bd4f6554034ae2a050b5d8f6dea,0,1
80dfd38ff2c0415ca11d920efbf52b0b,0,1
5c5fa2f1dd2c45fb9acf694997da6adb,0,0
6ee896fcca66405dae23025b3f79f968,0,0
dde054516ae243d89ce944b8ceda4bd5,0,0
77295489ce304833a45196c58836a7a3,0,0
1909b31bc0a241d0852a71d29608ff49,0,0
fa7a954fd86f45598dd7bc2ef375c89e,0,0
b2a9afde24bd4df2aed4df9bf9785e20,0,0
346df637223b4eaf8ea76eef2ef09018,0,0
b35fb4f86c9f42309e55badbbb4b0097,0,0
4f0a1f1c76894238921a3ed523b3fafe,0,0
181a3d8527024d66b36e92f3f4dddbed,0,0
fd555f9d2b3540c697a2e4af4f497af6,0,0
8fe46ef267734c0e99731cae8f920bcb,0,0
6e98c684e13f4d539e7a007104bd75bd,0,0
3127f10eb8834584b3c8371fa633147c,0,0
2020eb00820f4a1ca315b4e0df5e3f99,0,1
3ac6237f31d04a879cfac3587599a26d,0,0
fc3215e7550045cba55f47ab4b1d23f6,0,1
c16b79f4046b46eb972afa85324685dd,0,0
cf456113f2b248f88019ba0bf7bc2f48,0,0
dde6643a2d7249c38c4fb7499847c679,0,0
c64d7dbf09024460bdd525c8ec4557d7,0,0
ad981e4272494f7283c04f2bbdbf0254,0,0
a961e63887ab4575803aff8945e41033,0,0
56f9bf613ff648c193d3b9510b611443,0,0
e0bf6bb57d8c4caba4b492d40c42ab6c,0,0
068b227a14204868bbbee081588c7959,0,0
efc276b0113340b1b8873594a71587a2,0,0
62866d976d0a4c41aba800d648f796bc,0,0
9cd670737f9b4f99b37e302c7063a6de,0,0
d9d1a72ea22d4302835215cb93d2d966,0,0
009952d565384a69b5ddf1ec76608391,0,0
1fc322fb228a477fb29d0e9252a3f970,0,0
541d70560e51425f855c3d8eea53df03,0,0
4749b7929c414bcbbe0d1223cf3d460a,0,0
d43ea827023f400e849bc84127fcfb4a,0,0
e59ff34d007547faba8faf3b04fcb14e,0,1
9c624a0cba41453f9ea00252098dd88c,0,1
d9450712b3144274bfb5465ac6c8cc74,0,0
953d8a2df11140f099a33596e6018b68,0,0
34df81a8e6db4515928058c31dcd6135,0,0
e360099dc1d443b3bf369920d0d460ac,0,0
57934e88489044128ff6ca408cfd8ea7,0,0
bcb5e45a28f0406eb86f4b163c68d8d3,0,0
51641657f4044e5aac26be9c9eeff980,0,0
6310f564606a46d3a6d941252fb4945b,0,0
be965956837e44fa98ce36fac3d76130,0,0
8be2d6ce8f354abe944ea55150397280,0,0
e48514900aab48f599f87300a92eadef,0,0
40671dd8217248abbc2a7510a40e406b,0,0
6b4862c1ae1e4cf1971c39bd5931a3fc,0,0
0e767cd3ca464531bcf3d25ecf1dc4a7,0,0
d19a40ddcd994c3f9d6171fd2a6b6315,0,1
5545cfe6c43a401db7e2241d199f8312,0,0
3939ef2a95cc42dcbe1f22884f78fb76,0,0
96c2e851a15548d0b7ed1aca7e77f688,0,0
1a6387a9708647dca7246758b64d58a1,0,1
b431123d751c4e2e9a16cf56d2559d8e,0,0
7aad45e3f14e4717a74cb1efab841cee,0,0
850b2d43ed0848748d7434bd3243c60f,0,0
1e879abd3d2e4424ac29e93b1d824762,0,1
3ed28efe04af42449502afa90f05034d,0,0
cdf4523e136a4e6a8654c24e268bb57f,0,0
c31aa5c11bee44f1a28e93b5bf86bc5b,0,0
cf58e40ccc2c454da0a4bbbddfcebb3f,0,0
21448fe928da45fabdb83b16a86e3882,0,0
dc815a924a094629af5ad9435eae071a,0,1
011c5d7ad652481d90d502372d230232,0,0
73df18e107124ffda31d7b913075624f,0,0
92e8fc9c07d34a69951a569b88a23b49,0,0
e50c1cc20b724dec91f184b81ac5021d,0,1
e1e5fab27f6f4152a8b1fd8636233bac,0,0
618f472c899e42879eb74c4dc0d66b00,0,0
60f15dd915b04870bac9340e96c8ead2,0,0
f7da9e943fc04582afa8de08f85b6478,0,0
bf0add348dfd406ab48ed1f3fed457fe,0,0
53e9eca692bd46c797778d2512132561,0,0
244e51e7c73b44cd94e106b9ddc36633,0,0
82b97771f0a24b3aa94341cd19620baf,0,0
7ca7cfa5ac9e4ec6b1b44aa81d3c4c1c,0,1
524a6153bc084272ac33fc593b34f01b,0,0
4a9bb7fac2dd4d7fac52b36bb3d67074,0,0
8d880f0211a149afbe76405ea7ab71e7,0,0
b146b3f8794c40d1835885e6a89d269e,0,0
e4074db9992647f4bcb5fbc55d2aac18,0,0
ce5d4de36a1f415cac69c41a2d3f02f0,0,0
0dbd678ecc65442e97c06cc2c3e8312d,0,1
5eec079f1a814ba1b4b3ccf0edad712f,0,1
84116067ff514a188370b295f1083a72,0,0
6e357d9fb8fb4438bb34212dd2979395,0,0
6d9ddf626bcf402886903addc3016729,0,0
b64cb3e799014911a7cc825824c4f570,0,0
c2713f8d958f4b7e80170e52fafecfff,0,0
740d2b6845a044a3810326de8f32007c,0,0
cb76636e139a4d169a6d507b92dbb7b6,0,0
a6cc44d1731649cf9024bce4a5727f87,0,0
b5f412559ce343ae9b8bef2668ab70b9,0,0
95c1541590db42e2bb97c0effe80ed33,0,1
9cbfd560bad44f4db5d33628227186fa,0,0
7e0b659876c0405b8dbf54a357a74539,0,0
490f996280054910a91e637122ec0f6d,0,0
bbc7fabc68174cb685e8d6e02424c349,0,0
b980b7149bd041a5acfe1308f2ce29aa,0,1
83dcd970810c4c3db63bff4f624da29c,0,0
271a4227a7d84093a111ce911eff27c9,0,1
93e53a09f8d147b9bd1dc14afa6386b1,0,0
9a1758071b2e46bc93b58f966d0df0b0,0,0
5089f0bbea65416ba93cfc3ed34dac90,0,0
0e175d9e58074a53bca582e12ae331e6,0,1
e36891fa854b4b7484154e76da1b7c37,0,0
0d85ec32bf924147800f6a00f6f3cbca,0,0
726ea52b0cf348dab7639126d0d8c4c5,0,1
d8bc7fa07b4f4990829fc07eb97f8e1d,0,0
6ac2d401bcfa4ac3bbc191239854c740,0,1
c1918ca02e23416b84e5d82315576f6e,0,0
67913e05649246fc9701a43426e3dd9a,0,0
9b51f14bc2fb46ce9713c4a45af1cacf,0,0
81f22224150c43c9b6a5b0de03081548,0,1
c66e1f53f4384aeba8915d7fcbdda819,0,0
ed141c6a1a6e454c87498a68f738e47b,0,0
e8035a6663da44ef82210a7f07e888e1,0,1
32ec31af9cd549e29a1064b0a866c2f4,0,1
d48ec2526adb4542943fb275b68e3c35,0,0
8680f73032964f8e9a2017c96e5624ed,0,0
456f0970b717480f996a714ae476e2d2,0,0
53353cc4200c4beda8c11be8c95fc71f,0,0
bd9f76b357bb4360a3a8767694c506e2,0,0
00a66ccfbb7f42f39da2b641072d5ef6,0,0
eb9931fbb24741888511ad2123334b38,0,0
6ca5eb2b879047a9afc950b422340cbb,0,0
d68934447e6d45b09a4fda3b74f1f75d,0,0
b8898390df564c4087db12e6f34272c7,0,0
ec17f48530d24a7b81f93e6647f51b46,0,0
766b92f155db48918ff55ae19c6a350d,0,0
9738204e83d04c2389d3796e2d431897,0,0
8474cda2fe4d4c759e11c995fd80a8a4,0,0
959eac0521ed406d8a73b41caea69d52,0,0
ea3075f5eb6b4337861614d2b9c8bfa8,0,0
352bba02d25c401691d93c912938bba9,0,1
7b01912d8a2246d4b20129615f1b825a,0,1
f025c494cc294bc89e4edc2f510a79d5,0,1
43aaa56cd2764816939deab925088fed,0,0
45854054020742458ce2aba383ee3756,0,0
6dba35673b2d4d4782c728e98d168a55,0,1
64efcddf62e44b8ca8e81400396c83c1,0,1
455531b6fe264f5195a36e081a3dba2b,0,0
a913cb4ffcc14bbfac42cedb4b6c1ef3,0,0
a5895fe688154a2b863c8be9ff160326,0,0
1c161a81b13c4cbe91a6676c4cbd4011,0,0
88f82db0d31c4b2db014da7633a3373d,0,0
fded84c3ff3f4cddbb49d490d2a3e722,0,0
02dcb5a7a1a44a7da56964b289fdd279,0,0
b78c142fa0c849f38cbc511f6276d3b1,0,0
6bc7a06f23dd4adea43a94be8324d887,0,1
86411c6c7ff144a7883cc63460d04279,0,1
2381c364fb1042a8b8e57427532d0d22,0,0
2673c8df450241149a4dc17870a5ab3b,0,0
fdac99e807c04798a03c9f1cad77e1ad,0,0
af2535504c384a9598f9e2369c473fa8,0,1
d47dfcb2d99549b2b1b3859a9585bb28,0,1
c5a6f99bd6624ee486858d48714332b7,0,0
ce0b10a9314e4264aa15e134c97a9f78,0,0
2dd730d6fb3b41959672beff0b5c0d55,0,0
2c95e7eafbb04b86983c4ec3e67205e6,0,0
91de26c474e84e46b7e8af5add60ce5f,0,0
7b6d8b2f224b409fb74f188cddbc4f5d,0,0
8c47109e4069475481c4572d55a78bea,0,0
271deb333fcc409099b8464fa95b0c05,0,0
18f92436bdd8461086b86192d8e26a17,0,0
03b8cba5e18444ae9fd2863bcdc9bc8a,0,1
849225e390784ceb8ffb7e873df82f00,0,0
8f8e52b9c34a41bdaa3ed7bc71696ece,0,0
c536f0bd0dd44e679664c6494a999781,0,0
7c7ba3b620454826bf8665a55c671fa2,0,0
4f592bf52a644017bf9af6fd3a966ccc,0,0
6fb255bb3ae340b8a742478c48b6140a,0,0
738845526b60409eb5dc4fe7b027f9e5,0,1
eaba17656b184b86a83fdaa4125078fb,0,0
6080f4de614d4ba7856e3a59ba0ea8ad,0,0
cdf97c3da40f4319926760b53ea91c14,0,0
1589bda0ce784b04b8aeb51c5329fa88,0,0
bb36d0f8057a44c8bf75824c2b718847,0,0
673eac7530d84a0fbc6a1b70dcd5ad85,0,1
1278f2960e4a4204b874e5647314dd8d,0,0
e67fd6b001834a6ab3ac1f8b00b6b6db,0,0
d6ed5478e2924467838f53f409154d83,0,0
a377308771e24fd4b81f2906ea992ef1,0,1
9834847b7fd64c67ae3ef3a722f97f96,0,0
621ed8d677ca4568af6ad412ceaa073e,0,0
9904cb89eb33420e9725ac3329653d95,0,0
fdb101f1ec1948b8b837d393a39008b5,0,0
cbfc6c71ea3747f3aedc8c45efebb71a,0,0
c9d9f1b80a1844798a7a24eeabd6d851,0,0
f4096c9f484e4695a29a3cc08e6ce356,0,0
cf13e07bee80499ead0ff6c9fb90bcaa,0,0
4de131cc1f914c199e5afaa113b19f83,0,0
b2ae0e2a5ae848f3bed1d1fe98670d09,0,1
8067a2f01e8c4dca803c860f1c70e19d,0,1
546ff02858bb4a4eb1f3a13ead98ebf6,0,0
0ff5fc2b9a86431181fbdd83c6a6cf34,0,0
75eeb5496e644bf78f68d69959639b8f,0,0
74f38987934746e38b6afb86ee52bd8b,0,0
518b628595ab4ebaa1c1906b8a28c804,0,1
339d9599df7943d59b3f245825a8b9d8,0,0
f5470bf4d49b490cad0865666e7b7f69,0,0
2364b0b75a0f447a8113a0eb34480d9d,0,0
46d5144f720f47db9eeadd5d4270ee82,0,0
af64fd6071e9485eb2f5c7a59aec9b71,0,0
071ff77829584447bb674258925304ee,0,0
b96f3766af394212874be77079b27a6e,0,0
1b05b84aebf749f9938316c4fb8982ef,0,0
b9e32720b3204eb8bcb369414361c448,0,0
74e61fdfd3a04ae8b86e440f3f7f8803,0,1
df0970499e1445568306c18c7f378ea2,0,0
fd8b1fa7b87b45e78e0698e76fb4a646,0,1
292a02c2398d484d861718072598b1ea,0,0
ba1eb624753144e08439d7b846bae901,0,1
27bec8f2b3ac4ce7a35ed2dfd4bd4b4f,0,0
52c4b3656e1c41b59d905a9c067f8eb3,0,0
59285dd9aa8044dc8e81f4bcb43dd5d2,0,0
d235f5e7b041496f9908dc0d047fa25c,0,0
eae1989ad5d34d53b0a1f7566c2cb43e,0,0
e801ef0da5f74a6c98055dc0c1d28492,0,0
d61545210a1246ab82ec181c782a546f,0,0
2c87ed91bad64351bc090fd4142f6eb3,0,1
20a758ed89844cae8eabe3fa4d9e5f4e,0,0
6a5afbbe31cd45828caef17e704d1792,0,0
e5bca271a62a47beb3b5a96e80533a7e,0,0
3d388d11f7314ab2ba0035eb2255c376,0,0
2e25ae8e87c04eae919caa98efda8ff3,0,0
46e5a9021233417680d84ca2a9e36aea,0,0
6c33a78b7fb64794bdf11dc571602dfc,0,0
b3033f33c177434ab9f130d139402601,0,1
e6a3f1e12cca4407900288eb37b0d00f,0,1
b2cd0fbdecfe43178f3caae9904251c5,0,1
37bc78da7b464e6cb8a589d101397d0b,0,0
954d8e5c73eb4e26b2db5055263f9d36,0,0
07c4474b6b0748dabcd9823b1db24a1e,0,0
139f75f90cf84a40bae55a5123520fb8,0,0
f5bf9b775f264684bb6fac2f378c1aa9,0,0
0bc883b6347e49b590e07923c2d88a95,0,0
c728fc1453d448e3a419a053f5e3bd25,0,0
51f0d7070e8f4f1093b7ee25adcec5ec,0,0
0e4352db7e3248a899e4a57b8d355a3d,0,0
feac0cb66170418a84206df5feed66fa,0,0
2e94035e9c7b4b179243587b7b1da476,0,1
65d4f83bc76c42dfa496728b0c9244e3,0,0
cea68e67fc334da6aef81bfde6d43e0e,0,0
5c8fb458e88a4cb98b129525a29956dd,0,0
fc021cc2049341c19005d644e4e344dc,0,1
b96ff725813842898d6a43b974755053,0,0
d2d54a9e2d9f4d6383315c4c043c1ba9,0,1
ca5b29b5810942c5a6f0456bb1aac79c,0,0
a8cdaf724fb14ba1bd2a3bb212763063,0,0
bbcdb376404a47288f9d3977da5921ff,0,0
487f913d83f442758e86257914a3850c,0,0
108e588d944f4f6bab05593ea6185759,0,1
5c748bde74af480e8149f49cb113ce10,0,0
baa229647b474614b894799c5d34165b,0,0
7d9c7ae58a9d4bc782a0991125c86a81,0,0
851ca9731ac144979d531b72052d8def,0,0
7c9e688682de4331a5086ddc951952fa,0,0
23a7338d5f9a48c4b64e98ef65938a5e,0,0
e55f5e82f141457dac9dd6fcb1523795,0,1
e5edafa21c3f40b3ac173ec3537281a2,0,1
bd5401df99f648f48eccf51ea402aaaa,0,0
9950da6783a84b4f89a8023e6b316bc6,0,1
3282cc4e6f2443359937ad1064f31020,0,0
7c4e79bd9b204893bb93f5a82cdc81e0,0,1
e38e11bf2bcf41f3a51e942ab6e6ed7b,0,0
e458b20abd8b418fa6012f09780130a0,0,0
9083db2b423340f39d89afe2fda33f30,0,1
9b19e71261b94fa9b59843505e168a47,0,0
e406a80f2c034f4dadeb9a8da55ffbe0,0,0
6339b94f8e0945bc9a0bad4daf7200ae,0,1
a048e9f0fe244e32927f251bd86ea834,0,0
21732efe7ac043a0a6519aad1b81cf2c,0,0
30b883d84458452facea54569bf5aa9f,0,0
8ec5b48830244147acfd6daf85964cd1,0,0
e63774ea4d2e40518c19161ef79e6577,0,0
e5b01cc246b44745acf0d99365d2c257,0,1
ea3f3fbc058f42c8a2bf92aa9f4b4e60,0,0
a7bf5be390824f3cb70d2ac9308b8370,0,0
a345542103cd4cacbf58813448ad9524,0,0
a1d3c2b0ce6f4f01ae549643044c99fc,0,0
a7b6f756f3304b4aa7f83d9904003fab,0,0
f254924884524217becd7ed862f6037e,0,0
a59f75bf71ba4488a7d4b7468b0d2eb5,0,0
385a640dd9414080a5cf8b8471fd8abb,0,0
b3cfd29a56a3491a8d6c9d5eda544205,0,0
0f3764d86c7c43f89c33bb07923adca3,0,0
05df4b4ca0e54d34ae1dc88365afd167,0,0
5a4ebd65090746fd9ac24642796d7948,0,0
3228643822d9425aabfb705e2b28131a,0,0
bb9f3434429e4368a812cb45b9bfd1bf,0,0
da8cd2c524094f33ba148ceda0b8933d,0,0
aa2b54a7b8cd4a32a6554a8c0ac9b729,0,0
1f0c8b71b0bc43a89ae96b02fab89983,0,0
534303b37f854c188876314f4ca89261,0,0
19ec6dc6e7d843a7bfecb6028a5c4b57,0,0
27833949a2e544e09664658c773016d9,0,0
f24a6b7d742f4fd7911e9b11f473811c,0,0
302a4afa8c2c4c0da0ec6ed323ce7ef8,0,0
6882ae18ebff472aae1e03b19c4362c7,0,0
7e9f81477ab9439baaba6fd8cf69f879,0,1
438b0790c74f4cae84e295caf79b62a9,0,0
e73de7002d42494b99a014e143800b94,0,0
889b7ab032004a3eb21dd481ddba0047,0,0
dbd5e622ca5842e88e3264d26104df12,0,0
dc7ecf46fdc94d6a9f5db0e34304919e,0,0
c166880b1ba5474d8efcfddcd204fb3d,0,0
78da2eefa51b4ba2bb17885e6c3f994e,0,0
4684804cecac48829ed3780f79ac454d,0,0
6d9e07958c46446e822b6bba920201bf,0,0
4eecf88f1bdf4ac4b03dce05603560a3,0,0
1ccc0536c178491daa42da89beacf1e2,0,0
ff46ab61524f42f88877a8a73527bc02,0,0
74d3264658b0405eae58186a044f3acb,0,0
35ac170025cb4327af1bef48edbd2e98,0,0
d54aab559cc34d99a26fa265be686e06,0,0
e663515b82974a268a9178642faccf6f,0,1
9c231dc733014fe4838b8ceb04337b2d,0,0
894737ee10004cda938a100ae1a06343,0,0
6a564fb99d5d4fa5bd1852dcdbfe60c8,0,1
1be84f1f9876434db1829b33d93f28d1,0,0
cc564821f26f46bea7cbd44601def8bc,0,0
dc9bc47a053448fd9498495d3a352188,0,0
da7faf4ec855483d8cd4a26db1616647,0,0
6cf2af0e6ecf4cd6adb0cf539cce6e4d,0,0
0671466a34f7427a858c56cee17f0427,0,0
19b8b933e6ef4161983229ee1187b52d,0,1
23c04e305e1b4f53a98406b34f1ef79d,0,0
d47530e69dce4fa6a08c2b9c41d92b1a,0,0
24336753a38b4d7e9f061c7a94dd0bc4,0,1
79d18169c52b42779551add0e94d286d,0,0
a0c66c2e37884d688003b87e54d79e1d,0,0
c17332d8f50249aba75df660ca2c5f5d,0,1
8ff7fd97541d4ce7af86feef538868a0,0,0
cd58eac9ee794fecbb5e68ef40472e4f,0,0
6c73d6ff782a4f4d9254883369f6b5ea,0,1
8b44e06180a54eafbfb85efb530c58ee,0,0
2210fa9a6323412c8944c41ce8c7ab6d,0,1
aec10899668747e79c8be3258417b944,0,1
db686ca971314dd682c40bb04c80c855,0,1
3f28b1ab250943ab92c030ac579a967a,0,0
c725ab0279a944c18104af572842882c,0,0
e76e8dbad1584e2fb3c94bf862f57a2b,0,1
bf02582d48e94acfa4398881e12c1ff4,0,0
4df3bfa3a38c418b90a0dcc65575b33a,0,0
2a9e5150548644cb88212159e845440c,0,0
3b1329a3a0044f5d9f595055ad3c1c31,0,0
6ac3f3ef61b34efaa61ba4cc4c3eb2bb,0,0
61700c77b5e54fce8640feb6888ef3cf,0,0
c167ee30c7774252802ec2f92261683d,0,0
8c4dc509990a4463822efd6f01499f0d,0,0
0443d9e73b2542d4930cb5077520b927,0,0
4f51d9c426a6438f9d39999a48d4cd13,0,0
484ee927b307471ca023543ba249d0ad,0,0
cac181600f4b465db4bb2ed629e857e2,0,0
42162b8a1abd42a081730fe705d760f4,0,0
c9e7790bf36043a4ae5720cbcdcb7208,0,0
34e33c0d36c64e42bab591dfe4af245f,0,0
158a2d2cef2640dba8e193e9e7cd8a7d,0,0
76533dcaf6a742278375fa843a0a65e9,0,0
e62c02ab2b564ed8a9ba0d855340754b,0,1
93ffcf060d7643d893eafe41f91745ee,0,1
44af2294572148bf9eddd5867f5c349f,0,0
45da26c166274fa7ad9dc301f26f3a3a,0,0
878fb6def4314b4faf0c52815aff45f3,0,0
7210e381716a4b79b0d48db2379299ea,0,0
6a4cb317bbdc40cab395cf2c5bc4804d,0,0
2b34e75c2e374c9ab77468197edc0473,0,0
57e304aab0da4c24a5b185ca330c2bfd,0,0
7fe4e93c4b5043228d9ba76ad39bda44,0,0
fda8023025db42f691a09247b8066a42,0,1
43a2e225f0a340f3a556abac53d3efcf,0,0
baa1de25ce024b0b81d1ea20040c2038,0,0
f58ff54aecbf410a8bd572d39258f1ba,0,0
2af8bfc8a6b3413da4c8ee6191c05031,0,1
07bc1a5e8e7047c8b6974439869b03ca,0,0
11932cf33b1d450e975878d135140774,0,0
4ab8ec0a18904a99b3a146b615ed03ec,0,0
b375c40426f1437eadab4d5c9a4519ee,0,0
02cf7fd72b9544e0a5723d8453e1e318,0,0
c8e550909f2c4c3db168204f12b676ab,0,0
0b942ca38cac4e1ab8b5fc2ed82fcadd,0,0
131e61e7d77649e3b158a8801b278dfc,0,0
b4f6597dfef6459b94de385e1157fcd3,0,0
082a34dd289c4b7b9f06df0e5f19ed98,0,0
fdd06a93813e47d18202dd156b6c1c04,0,0
0e0cbc41810c4c85877c2c38ee02ba23,0,1
0aa3a36f88854aa493a1ca8de5e81148,0,0
b5bef2bfe4454825b60fdbb1ee97828b,0,0
81b594fbb2c44aa1821d24bbbc08c55c,0,0
3070a25b603646449eb309e45b43cbf2,0,0
ab30f840ea4a4ff1af3297f1d9af62e8,0,0
89386bdd859a46a2bbe91be3068b05d9,0,0
1e5c1881e5194769916324816c39c00d,0,0
a982fbd304ab4a57b2a9144b6a05ea36,0,0
d6446ba2a0ef4089981781083e3e2c8f,0,1
16411c0b9d25419abb37a85e7ada105e,0,1
596afcf39b804c9f92f37986213cde73,0,0
1f2c43ea5e0843eba5b4d600644556c7,0,0
0533e44edec14e44875affe25441bc61,0,0
ee1f8ced6a3b4557aa86955e1d9927e7,0,1
800a87199ffb4b2097901a5d6b2e45cf,0,0
57ba44fd2cdc47be89a356c60b956cc7,0,1
5a875d15b6a24d388e56a6f8e1df2db9,0,0
2edb2cb209634f488d05a6e8e48cd546,0,1
d1ea0da91b53418f883484ae73f3965e,0,0
5750bcab23bf4fa8979bc65908b738ae,0,0
dd2f7b0faf7e450caecfe0e2d8a79712,0,0
5b8634b3cecf4e7cbaa31bcd61a6ae03,0,0
bc46b5fb92c24965b91cbfa41d6dc1dc,0,0
3d968657323e41738eafc8317177e68b,0,0
2862d0fb8521444faef98e22804993b3,0,0
810dc80875e24daeb9317323e0528fcc,0,0
58c0bfc8c6f74772b833a7ca24692fb0,0,0
d08c604f65944221ae0b20d9f6fa6555,0,1
a60b09eb4de247b4b72d658a4be62eeb,0,0
b79593851e8247e79de43324e2bc5028,0,0
d9ee5350e39f4c5a97d826772aaefa94,0,0
c78624a521c4409088efa104cf896154,0,0
dd0215558c3447748b479887bfb7a8ce,0,0
f7b96b6181d644e99c789b14b7b46496,0,1
db6c9d42815b4ddaa8cab51257246981,0,0
b4b0dc9274b642e781647c1c553950cf,0,0
4eaa7c2455ec42f5a2b47ab071125449,0,0
2f18a52ef6194045bf6c2dde3db71f91,0,0
129be3a0bf9f4dcbb686743fe82542e6,0,0
934bbcea0a30468aa821861bb74c55a3,0,0
cffc339ab1d14e988737790f6e212101,0,1
8d42fe0edf534a6c9da78def7f187b0b,0,0
5dc2495e67b24e9aa0e17d1557f4b8bd,0,1
1472a24059e84944845dbe8ea8ea90ef,0,0
664091df136240da95630c91c7e97a0c,0,0
b53661ec591f49e39418e2b1732ae91b,0,0
472e228fb7d045d591e81d005c1c7a8a,0,0
0de6650ade3b465a8c2ee3668c59a5b5,0,0
3dd3de1f07bc4c9f845065ffc7b93b8a,0,0
ccc8797106ea452ea931c40c6d3b1fcf,0,0
f7603c573fb3461395a99bd0545bcefb,0,0
f1f157f9263a4093983bc344c2abc7d1,0,1
5b96caf7016b43728baac20e0a87351d,0,0
5056b023a5ce44b4a6f655c56de8a952,0,0
430fcbe2929d4707953d07a9194f4457,0,0
b0093fd85c014b6ba66a1d0929b55c48,0,1
f4b02c65189342f7b116a8310c39502b,0,0
f59d6a88db6f4d3a9b3a5e1ce2db3b66,0,0
1f0aecb7324e4fe9b73b0d08e5ddee58,0,0
b9e005d5b7374d44adb6fb7ac491c973,0,1
06a5b887b4e14971a1a316f03aadd3c8,0,0
cb504b36953b4d428c1deaa133ba319d,0,0
7503f43c2e5849bcaf62a5bb69534711,0,0
9c8a6044e9314fa596e38a16b4184102,0,0
242070086d2743208ea2e37b0a2de548,0,0
3a303e66e44442edbd37017068850d1e,0,0
a524f2775796473b9fae96854b64f86f,0,0
7cc77d90920543e5b7c75b04a911ef6c,0,0
7d2cd214bfbf42e1ade4b1973e72fd87,0,0
94853e7ce2d8457284da8d35ab57a336,0,0
a0dad18bc7fb4ac3b9edb353037dc856,0,1
63b35a407aad4584bdd53a030e7baed0,0,0
d0a8ce2757b24069b7a4a6c008c9283c,0,1
987a14da2e6b46d8bab14b9c4c618b49,0,0
b965bb3cb0a44d49a90a5eaa0fed5247,0,0
fb6e7bfd8fbb4f97afd8f7816c889c52,0,0
16941da81f14445b99acbc88060e071a,0,0
c2faf37f146a4f6bb32ab51bb6f079d9,0,0
6aa5da26ed1d45d79389293b214ed6f2,0,1
af7cb2b61c7c46b381b87cba05810740,0,0
dde1846569a44652b3a627d5c17b40c1,0,1
1b4b31c71f6d446fb359d60f1cf894d3,0,0
b4da320ed5654abeb8b7bfdf1cd83a3d,0,0
108242fb00a74c0080617aa0b6520025,0,0
c19c971a5d5140b5955d365f3105e0a7,0,1
7bce05a5586f411eb36daf8b903580b7,0,1
c28350212fe84fc9aa5539a46e177ca1,0,0
28d298a11ca54207a953a2e734b0bdf0,0,0
137cc4a47d8645059b2eaa5d3143f9fe,0,0
7e991f78454f416e8ab9ddb7be9a2a7b,0,0
a2b4711f07814817a162372b219de2ae,0,0
4ca4a88910e84f9fa740eb384b72e589,0,0
8b6f65858ba74c7e81e6ca70d2961fe3,0,1
f86a1c17dfda42698b33395ead23d843,0,0
8b6a81bca78049d3bfa44b71f51517da,0,1
43c3114f939849cda7c9d910a7316b1c,0,0
e930882aeb764e03abf62da939249ea5,0,0
b2612e6a8f384570898b118f6571b7a5,0,0
c0cdf02db160429db55ba01895754faf,0,0
810d22da5d284bb6b2735b9f2233cc94,0,0
9e58b1e21fe4482eaff89d6f920d757e,0,0
dae9e2dae9f840549764f8d9bbbb80f0,1,0
159da0d7937c4c1e84a51f0df7e3ade6,1,1
1aed86f082234446951360d00979f0d9,1,1
ab3dbd121828403ba30d0ed4008fbea4,1,0
08ce7e4224cc411ba629f1983eba031f,1,0
227d224441894d27ac78ac0be4e4b33d,1,0
263d0d3983c748b899a1f53fcaddc92f,1,0
0a9c2686a58a42518d336f31335bca25,1,1
6f2f2b1288de41a58d79acb9d096a77d,1,0
77ef63fc15ae4684b7e00e1aeae5b3d5,1,0
ea6591f078224c2cbdbcd0f874f0a788,1,0
957768088746497f89f81d3d9f28baff,1,0
e43136444948418fb410019e49dc66b1,1,1
39283fbdf1954537ab42631b37a4a994,1,0
14bee06d521146c4bd5ad4f644b27a35,1,1
6500e29221d14bb88b5f407d2d7e1848,1,1
a86175f0b89b4152a1202f7a8b6923c1,1,1
6c22fc117ca444aa9937796444071dfd,1,1
93af5a6ff6d24152b0809a70e4c2f0d0,1,1
dd398bd8372042cfba6403d521acba86,1,1
937b88e236fc4457addce2400f8e8759,1,0
7043f31bee4c4c5d893d134b484ac507,1,0
0c99595c452e4c78ae3adef135e0904b,1,1
6ae8e2ed7d49425eae9e20b823c5c614,1,0
0e60b18c7f444cd08bd8a57f85704a7d,1,0
1186d5905f284bda906d026a9759fc87,1,1
48fc10f47d93434fad3ce033c3c04f79,1,1
2d6196fbbb0e49c89544730970ab9b77,1,0
38aff9984e484dd2adff4a559cf07d2c,1,0
2aaa6b764dcf4429a8f547af7ca2aece,1,0
cd9fec086c3c48bfbccafec68d4e25e1,1,1
751218014b6b44428d3a864e6aeb5e14,1,0
018d5cd0f84b43f6a1ce28a0fc525ba4,1,1
d6c2182f6f84478584ebb7e05e2f4db4,1,0
abbed926f57c42088343bd412875fe53,1,0
8fbb30b76bd94db1bb6562f21fb3e36a,1,0
b8b2bcd348684c6d9d07ce0dc3783136,1,1
83e78559ac8d4f4b99cccff09bbf8745,1,0
6790f37e19b8463e860d2d2d63078206,1,1
be05d126dd31445989e3e31442891f76,1,0
ea55034969d24c1589eac2981ade13be,1,1
4fb20c4cfc5846f3ba9b12d4cf144445,1,0
8323328fcd814d7c9822449224eea815,1,0
3f836e031cde4159bf260babe3a0810e,1,0
d449cf83c9bc4238ac8d104fdcaa3f9c,1,0
00ee738403dc4b4f98300d110ad7e8ef,1,0
40a97e8fc0dd4a0d9feb267a47859c26,1,0
f3c7463dfd174c61b13895df76b95226,1,0
092816be84bf4254843d126aa1b0993d,1,0
f68b1a74a43d4002a298e1a66ce9aced,1,0
c87566e8fa8147e4bc1705cd40f55860,1,0
5d722e49c3f544658f78a9c3d8abab58,1,0
42709dd80b484c468132f9a4d750edaa,1,0
223b1c3dc0fe4503ac06c5dd0ee0b4a3,1,1
69243a5f498548d5ad4165cc4f027586,1,1
2dc2ff98a55e4c90a2f72fb5855af71b,1,1
d71e226b3fe341fc9633a941810acbb7,1,0
8bd0e349b467479795034dc2fba1127a,1,1
cf42f06b525149b282058786003a37d9,1,0
74888d1775e644d9b4463230abdb766a,1,0
80a71ad9d3614ebd8b633205473290b4,1,1
6d1cbfafcf614d26b1b20f259192c934,1,0
54afd27aa4b449b683de0d96af88ea3a,1,1
39c8644727304dcf9d77b43666ba95ee,1,1
0cdfbaf24bbe40b2a548ddb4c8e1f18b,1,1
26d2f1734e744461bfa3f16a813449fd,1,1
6063d92db6044e9eaab18749cd3b5f8e,1,0
995b6a00ea55414a9b227db08cf72044,1,0
850584cef5b94d6aae40b73621e8b982,1,1
5ba9e0797b8f4bab975f7aa264836d76,1,0
889c3a7c58c3477995ca63eb2b20dcec,1,0
7a0ce512f063406eb398820082901817,1,0
92d5940e9f0d4263acc6fe0aa738c615,1,1
4b50221851524306a2247260b1890955,1,0
4915513278124f4385b642c172e8692d,1,0
309118d15e3b41a0b84f4245b2b86f2c,1,0
28944bf0cc1647078e1a8abbbf61dcde,1,1
b8b5b2ae661943e981cb914ba6c09ca6,1,1
71df2d40b25843c9a367e3be97f07d56,1,1
d778714c74784731b2a63df6db1707f2,1,1
f8c1abd0e7e44ce291ee19171b0af5a5,1,1
e86c854090be4882aa16d9dd65e3669e,1,0
d25551a6668f44a387f2bf402bcc9112,1,1
097b85806a7847439bbf81cc6b25ba4d,1,0
60f38af6c20f4aa8a1fb847f78c97546,1,0
9f8bc0e64d7046fe8932c0f356c74142,1,0
f676d51baa8b46e0b0c890877e8aaa32,1,0
964c0bd9dda24e1c9428ca956fe65339,1,1
250f366d14b641f1a959c097eceb823e,1,1
33cb0b05788e4b3993775a74f99a5f0c,1,0
b49c81e409c741c79c7aab09ad66b7c8,1,1
3084e63d99704672810a890d1863bb61,1,0
527c4059e9d743ad88a2d4556b640146,1,0
4a9bc8992a6b4b5981ee6658f1f59532,1,0
cea4f53ff1764699823dac24762dbe53,1,0
fa3086acfbf14fa2b156fff3dc4b8c53,1,0
dcfa9e9941bf41fcae96959f7035a9b5,1,1
c145c4ed05a543b29c4173872907f03d,1,0
598b4afffae44f37b6da28efdab98d31,1,0
6271e7d5b484465c9c6e22fdd0deff36,1,1
27ad31421379429babd533c6c45559e0,1,0
cf5487b507624aea9adf51cd2f653480,1,1
9bc5ec0c3d004bf084bd32478fd8a531,1,1
8831faafa7554f18b9432196bf54e556,1,0
74a03141a7ad40a2a66369026de4a00c,1,1
01d09fb03a5f4e52a510494186ad8c8b,1,0
18de475e9bb145c88a1de9c45ec5e89c,1,0
0f4c347ed3fe4553b1af96228800f5f8,1,0
147122b1d5f8461ebc404ffbd1c121fe,1,0
7fa9758fb34b435082b187441d6c7dd0,1,0
af3522cbe9a44ed7a2a22645a63aebf1,1,1
5a0ad10b05614fe78b06458ccaf33bbe,1,0
b717b0ee766d477fa52621e9b3f0cd9b,1,1
37c8ad7d57ff4163b81f9f593ed39184,1,0
56b1099d0b7541c2a9b8bb16fa10ba4a,1,1
57fb32830f2d4091b63fb788dafb749a,1,0
3e7ef0e97bb94802bf673514e01a8973,1,0
9d0dbfa6abcc455c8d65121aefd35a14,1,1
952030c9759a40ac873a4daecf4c2206,1,0
e0f3ed8d730f4be496eba87d6aa9e8a2,1,0
4a44ecb148d748739680c2d174280e92,1,0
e06ad69b560c470db86b11d6a8804fd5,1,1
90d632c5f5ac42969f99166953edbabb,1,1
e128e4da0f484fc8942c8a4b5a771239,1,1
f63cb8ba79c04a58b99eabfd692f1172,1,1
0af08679849c41198a46ef1d4f3736e3,1,0
306efc08e4f2446c94404f47dd76f990,1,0
04b0c81b6d474037a102d7070ca94c25,1,1
8c7e2f1c39d64464ba96ad2f38e00340,1,0
e7f36b1c47cc4591a314ec1d116cbfa4,1,1
f09861b50d084550a92f5eee31a58876,1,1
91064cadf577475c9644c3763418f506,1,1
ff7b05efe03444e88ecb6d708f128250,1,1
4586d3d5e3064c359158ea1ca5921f66,1,0
af6539d0816d41f8a71fd30cc115fb1d,1,1
f8f52534e54242a690c4481f362320cf,1,1
1078c684d6fe43389cc8e6a6113ef42b,1,0
0cde1ee48006451c8f7ea3b6d7a0cac2,1,1
2a24745d5fe44050bb8bf7354d2ae0fc,1,1
6d20a0ca478b45fe8da6be3638d153aa,1,0
ffaae6fbca6d4d2aa5f2d5c42dae18fa,1,1
70b61922be984c889a2d441f5bfd52e1,1,1
1b7dd6a9f3084b3cb3df3f0d71610ebc,1,0
47c8255c71184ad28f571ee19f2983c9,1,1
1148b7b4129e49a7aa42251311c80ce4,1,0
0cbb7e7a6f0743f2a1cd54c37aab6045,1,1
1f5e3e2703364e68ad7f499fcfbaa661,1,1
3fa821b36684492ea40bf6bb9a8f73e9,1,0
fb73c25540ee4f0a82f123b5e0eed65d,1,1
c12a0f59d6ef4807bf92182977413e87,1,0
f3c960081f4243f8b4351a836404ab8e,1,1
73f117420eec4895b98469d5014d41b7,1,0
4fc54ea3b695439190670daaa7eb24b5,1,0
0e99ac5eb2c04bada959c460ab611a7c,1,1
db3394372c5f4f21ba07d240055c8d91,1,0
7213b83d707049fc9f0539394bebc2da,1,0
0d6cad6ce31c4ff1ace59acb6fa43215,1,1
569d1d2fc8a640de8170b270a73692c9,1,1
83aa23837cce44619dd9cebd65e5b62d,1,1
610ebb602dc245ebbd0dace2da5b56c8,1,1
1e71917fc7ae4848b598f73e17d6a48a,1,0
b62a38ea330b4513a0fc80ecb2fe9d08,1,1
954d65edfe1f4a05bca87f9b8e5af431,1,1
ecb74285229d4da482337afc23264076,1,0
46b0eaac840845349e24ba15557b16bb,1,0
8aa91c14f2db4c2a8b5a12c209066a1b,1,1
49199f137ff64dd5af4b968bb455a2e2,1,1
1bffabaa2fd64529b756df8eb9138211,1,1
02dc01acba984ccababd75c0bce1a2b2,1,0
2634bba2afcc435098a148006635ea97,1,1
50e618d1fee74b7ca2ddddf3e257429f,1,1
987fc7b11d634f2e9cf6ea2be2f232e7,1,1
1ec8720c26b24f9c84f02786afcbef8a,1,1
73a0cc86b70d45a8be040727650562f6,1,1
72f17d77c0c64ac7958e64935cbef571,1,0
0c5cb9ba84444aba99a59c6c03ef8c6a,1,0
96fcbd8178f545a29e533059432f8b60,1,1
6c7845e97ecb4eb890f9721b8a1723b4,1,0
68d2b11017ed405f8d5a0b9e37a2bba8,1,1
29577c427e3440ba81a9ff18c7937216,1,0
f6468f5002e14b499737c86c820a3e47,1,1
63ccb5f4b32247089ee0f991226e349f,1,1
4ee8f6be684a419581574fa23752e1ee,1,1
53804bb263b04f2890d682600847e942,1,0
6a7327ed2ddf412993d80f7d52457c05,1,0
03cb0027c08a4c329e93a592e4a644b4,1,0
b2b97a8d55e94028aed39bfea921bb42,1,0
bce6db561e2e496fbd37527e61b673eb,1,0
ebdaf5c802ae40cb9154afc557f79065,1,1
528c06b5d5a24b4aa4f612fd19f5845b,1,1
ee9871c453b3451da34a23b3d046a63a,1,1
4c30dd8ee4684f3fb64339b71b14bede,1,0
82a1ed2e6f1d4501b3f3964600c49fec,1,1
6ac64c63e4604264bef69c169b780b14,1,0
28728a1e986a4495aea870cc123df193,1,0
1fb14052b9d2496686dfb81878431c7a,1,0
ca896eea58334acca7aed10be0c97251,1,0
1173f1c283d44182a1e0a97602ee41e4,1,1
52b662478cf944e0bf44d79903a1899f,1,0
5d6464d793134e539f0c5f88a6943efa,1,0
5b9ce4adc79148aba46ed028f09ed63f,1,0
5b263633ccf24e288d0fef467856d4cf,1,1
1c0a00a01f9c490d833cad5d4e74fc14,1,0
d1cb77cd0c7241e2840194544307f27e,1,1
ed1c7938c8e34505a0ef4a7941e33715,1,1
3690829925924d65b413ca7a0bc45c76,1,1
ca98c76c71bf4836aa5b5c2aa15107e5,1,0
04ecc0042e7d4ecfbd29dc2cd92097fe,1,1
cb246101449d44988485fc2b4f476999,1,1
93083a47a0c44d6190b47a5da4f019ea,1,0
3b9bc684829847b0ab44f7b04e0f40f3,1,1
39fb97f4d54348f1ac02d4983a2d2670,1,0
9f7f772ca3be4386aa50084da9aaa2bd,1,1
080a3b08902148d585038bc4399c505e,1,0
d91e04535aad42218ad39b01c1be96b9,1,1
8491e6e2bf1a4523b9dcad206ba5f78a,1,0
e59d09e5413b46f4b7df54417843d541,1,0
198e4634a55d4daca01045d18b523488,1,0
59ef0f896f2247b0a6d88d6ed9eb2736,1,0
28841659dc41406596141ef11686fd87,1,0
39572d412766404ba4ce53d5957cf850,1,1
a5d81e088bca436b942b9aaef18ee7f5,1,0
b7945afa5b9a4adc994331f67f26a66a,1,0
faf3fe1c8c6245b09f80fadee17dd531,1,1
4dc806b03ff44172b823c7a2b64d0afe,1,0
b537c23ead5842509c790f5c6208b19e,1,1
24f60cdb6db44a02b91114a2691309c2,1,1
f1097126e09f41f5b0a280a8ee2ea694,1,0
1e7d8b4d5a80481a899f2d99dfb2986c,1,0
6bdaa3ff614e4b8e8dd0e2851fbe82d2,1,1
0ef6e1c640054d3ea1f29da2698667b8,1,1
bb9c17848b7040bb8be38e19f8fa43a8,1,0
ad1c1b4310434d958ea653926cd50190,1,0
29fb9f5ef61c40979eadd4afe2f0f94f,1,0
ff7a1658bcfb4d0fac649ecc5aee7b67,1,0
6229a69a1d34499fb157bec19a9ff37c,1,0
1727f9981b124c60911f8afe05026591,1,0
a8ab178f397c42cfb18fa7ab9a118f1c,1,0
d7cd699c9ae44306a79e9890ba37c197,1,0
50325e4bb35e427eaa4d5f03f80112c1,1,1
c1725c9fb5bb4c5dbdfda1b4087bb074,1,0
336c88470a0f4e85935a3313511634ca,1,0
5bd04290f979478e802d8afdd227329a,1,1
4b283e53dffc42ac9ef409df9297eb5b,1,1
d654edb40e15460f96bc5f63edd48c98,1,1
ec98bbeb38534b03b550e48ba0ac2c69,1,0
790f2751d74f45348229b4b8570eb18e,1,1
cbfd3351d8764ba1818d1923c821bc0b,1,0
3a3045b958c7459d9bc2eed51979633d,1,1
76842e356f654c40b512a3d126a72ebc,1,1
9505f957b06046698896dfb7eea0637f,1,1
e2c3761c5bec48269cc52af3c99000ff,1,0
187bb367f34b4691bf79fcfe9f2a2cda,1,1
988ea60ff4b345e1a19611e31b6664a5,1,1
c72bd61874ae4cc3834f57255a22f326,1,1
0d35ae1f949b480f8f440379e3fee844,1,1
5416ab78d9b04272958fd6c4b305804c,1,0
6c6a17ca290e453da7cbdd4470e5bc60,1,1
050985c699ba4bf68cca3d1eed9d4409,1,1
591de854442a486eab372c938cd6f6a7,1,1
7c2918d98eae46efa21b3cc93fbff198,1,1
32adef17b9d548488f9e9fa8346eb9d3,1,1
866dd386141f42daa0337315f6150760,1,1
f152dad5f2ac461e9e6193709d94161b,1,1
9825a55a5cb84f8f9be3c67d75f2fe1f,1,1
bd4ff294f995485583be523a97d53e93,1,0
2ff31817dec4466db68bcdbab5c7b1df,1,1
bae31eda7728426a929e7122dabde83a,1,0
7375342160184ae8851286c5d0027ba2,1,0
76589e897afd4a7293c8aa7aeffaef32,1,0
5923562d4a2946e4925f16cc3953898e,1,1
2b4103483beb4a979f829afc7cbaaf90,1,0
607a8b0c82854829913f9a0968abb8d2,1,1
9c9978cfa3ab42329c82ff5d5e0d58c7,1,0
5f23360d4fe34fa5906e7140ed5676cd,1,0
96e8c7a4efd14173a61e8a8d53aaaf3e,1,1
edfc05a8bdaf4f09b881cbe69a60eddf,1,0
6987b95803444a8c98829cf6da7c68c4,1,0
1fa69c5f874e4f209b7334f33ea1a706,1,0
28aac7c60e0841ed9d16b856351eacc4,1,1
6571842683ec43d681d78569e0dd6510,1,1
9d38ad3ad218457fa73b50c469a12bfd,1,1
fbf033e8d97c418f93d73e6618875812,1,1
d11487c809854ea7a6854aff9b867684,1,1
f53b399d551f4ad9a95817c84e88c2d8,1,0
15e402f1f9f74da7ae590971f85d8c8c,1,0
a51733f9f5924d36945dba94d011a85c,1,0
738a0ed54e984cec99786b7a81155502,1,0
10c99dd010e343a5945a8539e8f7b76c,1,1
1457a8f536de405d9344e323aa11eac9,1,1
a913217c353741b78a6c7e24c5f73bab,1,1
9e889827f13642a685ad878bdbe2d6f5,1,0
000c0bd4f6554034ae2a050b5d8f6dea,1,0
80dfd38ff2c0415ca11d920efbf52b0b,1,0
5c5fa2f1dd2c45fb9acf694997da6adb,1,1
6ee896fcca66405dae23025b3f79f968,1,1
dde054516ae243d89ce944b8ceda4bd5,1,1
77295489ce304833a45196c58836a7a3,1,1
1909b31bc0a241d0852a71d29608ff49,1,1
fa7a954fd86f45598dd7bc2ef375c89e,1,0
b2a9afde24bd4df2aed4df9bf9785e20,1,1
346df637223b4eaf8ea76eef2ef09018,1,0
b35fb4f86c9f42309e55badbbb4b0097,1,1
4f0a1f1c76894238921a3ed523b3fafe,1,1
181a3d8527024d66b36e92f3f4dddbed,1,1
fd555f9d2b3540c697a2e4af4f497af6,1,1
8fe46ef267734c0e99731cae8f920bcb,1,0
6e98c684e13f4d539e7a007104bd75bd,1,0
3127f10eb8834584b3c8371fa633147c,1,1
2020eb00820f4a1ca315b4e0df5e3f99,1,0
3ac6237f31d04a879cfac3587599a26d,1,1
fc3215e7550045cba55f47ab4b1d23f6,1,0
c16b79f4046b46eb972afa85324685dd,1,0
cf456113f2b248f88019ba0bf7bc2f48,1,1
dde6643a2d7249c38c4fb7499847c679,1,1
c64d7dbf09024460bdd525c8ec4557d7,1,1
ad981e4272494f7283c04f2bbdbf0254,1,1
a961e63887ab4575803aff8945e41033,1,1
56f9bf613ff648c193d3b9510b611443,1,0
e0bf6bb57d8c4caba4b492d40c42ab6c,1,1
068b227a14204868bbbee081588c7959,1,1
efc276b0113340b1b8873594a71587a2,1,1
62866d976d0a4c41aba800d648f796bc,1,1
9cd670737f9b4f99b37e302c7063a6de,1,1
d9d1a72ea22d4302835215cb93d2d966,1,1
009952d565384a69b5ddf1ec76608391,1,1
1fc322fb228a477fb29d0e9252a3f970,1,1
541d70560e51425f855c3d8eea53df03,1,0
4749b7929c414bcbbe0d1223cf3d460a,1,0
d43ea827023f400e849bc84127fcfb4a,1,1
e59ff34d007547faba8faf3b04fcb14e,1,0
9c624a0cba41453f9ea00252098dd88c,1,0
d9450712b3144274bfb5465ac6c8cc74,1,1
953d8a2df11140f099a33596e6018b68,1,0
34df81a8e6db4515928058c31dcd6135,1,1
e360099dc1d443b3bf369920d0d460ac,1,0
57934e88489044128ff6ca408cfd8ea7,1,1
bcb5e45a28f0406eb86f4b163c68d8d3,1,1
51641657f4044e5aac26be9c9eeff980,1,1
6310f564606a46d3a6d941252fb4945b,1,0
be965956837e44fa98ce36fac3d76130,1,0
8be2d6ce8f354abe944ea55150397280,1,1
e48514900aab48f599f87300a92eadef,1,0
40671dd8217248abbc2a7510a40e406b,1,1
6b4862c1ae1e4cf1971c39bd5931a3fc,1,0
0e767cd3ca464531bcf3d25ecf1dc4a7,1,1
d19a40ddcd994c3f9d6171fd2a6b6315,1,0
5545cfe6c43a401db7e2241d199f8312,1,1
3939ef2a95cc42dcbe1f22884f78fb76,1,0
96c2e851a15548d0b7ed1aca7e77f688,1,1
1a6387a9708647dca7246758b64d58a1,1,0
b431123d751c4e2e9a16cf56d2559d8e,1,1
7aad45e3f14e4717a74cb1efab841cee,1,0
850b2d43ed0848748d7434bd3243c60f,1,1
1e879abd3d2e4424ac29e93b1d824762,1,0
3ed28efe04af42449502afa90f05034d,1,1
cdf4523e136a4e6a8654c24e268bb57f,1,0
c31aa5c11bee44f1a28e93b5bf86bc5b,1,0
cf58e40ccc2c454da0a4bbbddfcebb3f,1,1
21448fe928da45fabdb83b16a86e3882,1,0
dc815a924a094629af5ad9435eae071a,1,0
011c5d7ad652481d90d502372d230232,1,1
73df18e107124ffda31d7b913075624f,1,0
92e8fc9c07d34a69951a569b88a23b49,1,1
e50c1cc20b724dec91f184b81ac5021d,1,0
e1e5fab27f6f4152a8b1fd8636233bac,1,0
618f472c899e42879eb74c4dc0d66b00,1,1
60f15dd915b04870bac9340e96c8ead2,1,0
f7da9e943fc04582afa8de08f85b6478,1,0
bf0add348dfd406ab48ed1f3fed457fe,1,1
53e9eca692bd46c797778d2512132561,1,1
244e51e7c73b44cd94e106b9ddc36633,1,0
82b97771f0a24b3aa94341cd19620baf,1,1
7ca7cfa5ac9e4ec6b1b44aa81d3c4c1c,1,0
524a6153bc084272ac33fc593b34f01b,1,1
4a9bb7fac2dd4d7fac52b36bb3d67074,1,0
8d880f0211a149afbe76405ea7ab71e7,1,1
b146b3f8794c40d1835885e6a89d269e,1,0
e4074db9992647f4bcb5fbc55d2aac18,1,0
ce5d4de36a1f415cac69c41a2d3f02f0,1,1
0dbd678ecc65442e97c06cc2c3e8312d,1,0
5eec079f1a814ba1b4b3ccf0edad712f,1,0
84116067ff514a188370b295f1083a72,1,0
6e357d9fb8fb4438bb34212dd2979395,1,1
6d9ddf626bcf402886903addc3016729,1,1
b64cb3e799014911a7cc825824c4f570,1,1
c2713f8d958f4b7e80170e52fafecfff,1,0
740d2b6845a044a3810326de8f32007c,1,1
cb76636e139a4d169a6d507b92dbb7b6,1,0
a6cc44d1731649cf9024bce4a5727f87,1,0
b5f412559ce343ae9b8bef2668ab70b9,1,0
95c1541590db42e2bb97c0effe80ed33,1,0
9cbfd560bad44f4db5d33628227186fa,1,1
7e0b659876c0405b8dbf54a357a74539,1,1
490f996280054910a91e637122ec0f6d,1,1
bbc7fabc68174cb685e8d6e02424c349,1,0
b980b7149bd041a5acfe1308f2ce29aa,1,0
83dcd970810c4c3db63bff4f624da29c,1,1
271a4227a7d84093a111ce911eff27c9,1,0
93e53a09f8d147b9bd1dc14afa6386b1,1,1
9a1758071b2e46bc93b58f966d0df0b0,1,0
5089f0bbea65416ba93cfc3ed34dac90,1,1
0e175d9e58074a53bca582e12ae331e6,1,0
e36891fa854b4b7484154e76da1b7c37,1,1
0d85ec32bf924147800f6a00f6f3cbca,1,1
726ea52b0cf348dab7639126d0d8c4c5,1,0
d8bc7fa07b4f4990829fc07eb97f8e1d,1,1
6ac2d401bcfa4ac3bbc191239854c740,1,0
c1918ca02e23416b84e5d82315576f6e,1,0
67913e05649246fc9701a43426e3dd9a,1,1
9b51f14bc2fb46ce9713c4a45af1cacf,1,0
81f22224150c43c9b6a5b0de03081548,1,0
c66e1f53f4384aeba8915d7fcbdda819,1,1
ed141c6a1a6e454c87498a68f738e47b,1,0
e8035a6663da44ef82210a7f07e888e1,1,0
32ec31af9cd549e29a1064b0a866c2f4,1,0
d48ec2526adb4542943fb275b68e3c35,1,0
8680f73032964f8e9a2017c96e5624ed,1,1
456f0970b717480f996a714ae476e2d2,1,1
53353cc4200c4beda8c11be8c95fc71f,1,0
bd9f76b357bb4360a3a8767694c506e2,1,0
00a66ccfbb7f42f39da2b641072d5ef6,1,1
eb9931fbb24741888511ad2123334b38,1,1
6ca5eb2b879047a9afc950b422340cbb,1,0
d68934447e6d45b09a4fda3b74f1f75d,1,1
b8898390df564c4087db12e6f34272c7,1,0
ec17f48530d24a7b81f93e6647f51b46,1,1
766b92f155db48918ff55ae19c6a350d,1,0
9738204e83d04c2389d3796e2d431897,1,0
8474cda2fe4d4c759e11c995fd80a8a4,1,0
959eac0521ed406d8a73b41caea69d52,1,0
ea3075f5eb6b4337861614d2b9c8bfa8,1,1
352bba02d25c401691d93c912938bba9,1,0
7b01912d8a2246d4b20129615f1b825a,1,0
f025c494cc294bc89e4edc2f510a79d5,1,0
43aaa56cd2764816939deab925088fed,1,1
45854054020742458ce2aba383ee3756,1,1
6dba35673b2d4d4782c728e98d168a55,1,0
64efcddf62e44b8ca8e81400396c83c1,1,0
455531b6fe264f5195a36e081a3dba2b,1,0
a913cb4ffcc14bbfac42cedb4b6c1ef3,1,0
a5895fe688154a2b863c8be9ff160326,1,0
1c161a81b13c4cbe91a6676c4cbd4011,1,1
88f82db0d31c4b2db014da7633a3373d,1,1
fded84c3ff3f4cddbb49d490d2a3e722,1,1
02dcb5a7a1a44a7da56964b289fdd279,1,1
b78c142fa0c849f38cbc511f6276d3b1,1,1
6bc7a06f23dd4adea43a94be8324d887,1,0
86411c6c7ff144a7883cc63460d04279,1,0
2381c364fb1042a8b8e57427532d0d22,1,1
2673c8df450241149a4dc17870a5ab3b,1,1
fdac99e807c04798a03c9f1cad77e1ad,1,1
af2535504c384a9598f9e2369c473fa8,1,0
d47dfcb2d99549b2b1b3859a9585bb28,1,0
c5a6f99bd6624ee486858d48714332b7,1,1
ce0b10a9314e4264aa15e134c97a9f78,1,0
2dd730d6fb3b41959672beff0b5c0d55,1,1
2c95e7eafbb04b86983c4ec3e67205e6,1,1
91de26c474e84e46b7e8af5add60ce5f,1,1
7b6d8b2f224b409fb74f188cddbc4f5d,1,1
8c47109e4069475481c4572d55a78bea,1,1
271deb333fcc409099b8464fa95b0c05,1,1
18f92436bdd8461086b86192d8e26a17,1,0
03b8cba5e18444ae9fd2863bcdc9bc8a,1,0
849225e390784ceb8ffb7e873df82f00,1,0
8f8e52b9c34a41bdaa3ed7bc71696ece,1,0
c536f0bd0dd44e679664c6494a999781,1,1
7c7ba3b620454826bf8665a55c671fa2,1,1
4f592bf52a644017bf9af6fd3a966ccc,1,1
6fb255bb3ae340b8a742478c48b6140a,1,0
738845526b60409eb5dc4fe7b027f9e5,1,0
eaba17656b184b86a83fdaa4125078fb,1,0
6080f4de614d4ba7856e3a59ba0ea8ad,1,0
cdf97c3da40f4319926760b53ea91c14,1,0
1589bda0ce784b04b8aeb51c5329fa88,1,1
bb36d0f8057a44c8bf75824c2b718847,1,1
673eac7530d84a0fbc6a1b70dcd5ad85,1,0
1278f2960e4a4204b874e5647314dd8d,1,1
e67fd6b001834a6ab3ac1f8b00b6b6db,1,1
d6ed5478e2924467838f53f409154d83,1,1
a377308771e24fd4b81f2906ea992ef1,1,0
9834847b7fd64c67ae3ef3a722f97f96,1,0
621ed8d677ca4568af6ad412ceaa073e,1,1
9904cb89eb33420e9725ac3329653d95,1,1
fdb101f1ec1948b8b837d393a39008b5,1,1
cbfc6c71ea3747f3aedc8c45efebb71a,1,0
c9d9f1b80a1844798a7a24eeabd6d851,1,1
f4096c9f484e4695a29a3cc08e6ce356,1,1
cf13e07bee80499ead0ff6c9fb90bcaa,1,1
4de131cc1f914c199e5afaa113b19f83,1,1
b2ae0e2a5ae848f3bed1d1fe98670d09,1,0
8067a2f01e8c4dca803c860f1c70e19d,1,0
546ff02858bb4a4eb1f3a13ead98ebf6,1,0
0ff5fc2b9a86431181fbdd83c6a6cf34,1,1
75eeb5496e644bf78f68d69959639b8f,1,0
74f38987934746e38b6afb86ee52bd8b,1,0
518b628595ab4ebaa1c1906b8a28c804,1,0
339d9599df7943d59b3f245825a8b9d8,1,1
f5470bf4d49b490cad0865666e7b7f69,1,1
2364b0b75a0f447a8113a0eb34480d9d,1,0
46d5144f720f47db9eeadd5d4270ee82,1,1
af64fd6071e9485eb2f5c7a59aec9b71,1,0
071ff77829584447bb674258925304ee,1,0
b96f3766af394212874be77079b27a6e,1,1
1b05b84aebf749f9938316c4fb8982ef,1,0
b9e32720b3204eb8bcb369414361c448,1,1
74e61fdfd3a04ae8b86e440f3f7f8803,1,0
df0970499e1445568306c18c7f378ea2,1,1
fd8b1fa7b87b45e78e0698e76fb4a646,1,0
292a02c2398d484d861718072598b1ea,1,1
ba1eb624753144e08439d7b846bae901,1,0
27bec8f2b3ac4ce7a35ed2dfd4bd4b4f,1,0
52c4b3656e1c41b59d905a9c067f8eb3,1,1
59285dd9aa8044dc8e81f4bcb43dd5d2,1,1
d235f5e7b041496f9908dc0d047fa25c,1,1
eae1989ad5d34d53b0a1f7566c2cb43e,1,1
e801ef0da5f74a6c98055dc0c1d28492,1,1
d61545210a1246ab82ec181c782a546f,1,1
2c87ed91bad64351bc090fd4142f6eb3,1,0
20a758ed89844cae8eabe3fa4d9e5f4e,1,0
6a5afbbe31cd45828caef17e704d1792,1,1
e5bca271a62a47beb3b5a96e80533a7e,1,0
3d388d11f7314ab2ba0035eb2255c376,1,1
2e25ae8e87c04eae919caa98efda8ff3,1,0
46e5a9021233417680d84ca2a9e36aea,1,0
6c33a78b7fb64794bdf11dc571602dfc,1,0
b3033f33c177434ab9f130d139402601,1,0
e6a3f1e12cca4407900288eb37b0d00f,1,0
b2cd0fbdecfe43178f3caae9904251c5,1,0
37bc78da7b464e6cb8a589d101397d0b,1,1
954d8e5c73eb4e26b2db5055263f9d36,1,1
07c4474b6b0748dabcd9823b1db24a1e,1,0
139f75f90cf84a40bae55a5123520fb8,1,0
f5bf9b775f264684bb6fac2f378c1aa9,1,1
0bc883b6347e49b590e07923c2d88a95,1,1
c728fc1453d448e3a419a053f5e3bd25,1,0
51f0d7070e8f4f1093b7ee25adcec5ec,1,1
0e4352db7e3248a899e4a57b8d355a3d,1,1
feac0cb66170418a84206df5feed66fa,1,1
2e94035e9c7b4b179243587b7b1da476,1,0
65d4f83bc76c42dfa496728b0c9244e3,1,0
cea68e67fc334da6aef81bfde6d43e0e,1,1
5c8fb458e88a4cb98b129525a29956dd,1,0
fc021cc2049341c19005d644e4e344dc,1,0
b96ff725813842898d6a43b974755053,1,0
d2d54a9e2d9f4d6383315c4c043c1ba9,1,0
ca5b29b5810942c5a6f0456bb1aac79c,1,1
a8cdaf724fb14ba1bd2a3bb212763063,1,1
bbcdb376404a47288f9d3977da5921ff,1,0
487f913d83f442758e86257914a3850c,1,1
108e588d944f4f6bab05593ea6185759,1,0
5c748bde74af480e8149f49cb113ce10,1,1
baa229647b474614b894799c5d34165b,1,0
7d9c7ae58a9d4bc782a0991125c86a81,1,0
851ca9731ac144979d531b72052d8def,1,0
7c9e688682de4331a5086ddc951952fa,1,0
23a7338d5f9a48c4b64e98ef65938a5e,1,1
e55f5e82f141457dac9dd6fcb1523795,1,0
e5edafa21c3f40b3ac173ec3537281a2,1,0
bd5401df99f648f48eccf51ea402aaaa,1,1
9950da6783a84b4f89a8023e6b316bc6,1,0
3282cc4e6f2443359937ad1064f31020,1,0
7c4e79bd9b204893bb93f5a82cdc81e0,1,0
e38e11bf2bcf41f3a51e942ab6e6ed7b,1,1
e458b20abd8b418fa6012f09780130a0,1,0
9083db2b423340f39d89afe2fda33f30,1,0
9b19e71261b94fa9b59843505e168a47,1,1
e406a80f2c034f4dadeb9a8da55ffbe0,1,1
6339b94f8e0945bc9a0bad4daf7200ae,1,0
a048e9f0fe244e32927f251bd86ea834,1,1
21732efe7ac043a0a6519aad1b81cf2c,1,1
30b883d84458452facea54569bf5aa9f,1,0
8ec5b48830244147acfd6daf85964cd1,1,1
e63774ea4d2e40518c19161ef79e6577,1,1
e5b01cc246b44745acf0d99365d2c257,1,0
ea3f3fbc058f42c8a2bf92aa9f4b4e60,1,1
a7bf5be390824f3cb70d2ac9308b8370,1,1
a345542103cd4cacbf58813448ad9524,1,0
a1d3c2b0ce6f4f01ae549643044c99fc,1,0
a7b6f756f3304b4aa7f83d9904003fab,1,0
f254924884524217becd7ed862f6037e,1,0
a59f75bf71ba4488a7d4b7468b0d2eb5,1,1
385a640dd9414080a5cf8b8471fd8abb,1,1
b3cfd29a56a3491a8d6c9d5eda544205,1,1
0f3764d86c7c43f89c33bb07923adca3,1,1
05df4b4ca0e54d34ae1dc88365afd167,1,0
5a4ebd65090746fd9ac24642796d7948,1,0
3228643822d9425aabfb705e2b28131a,1,0
bb9f3434429e4368a812cb45b9bfd1bf,1,1
da8cd2c524094f33ba148ceda0b8933d,1,0
aa2b54a7b8cd4a32a6554a8c0ac9b729,1,1
1f0c8b71b0bc43a89ae96b02fab89983,1,0
534303b37f854c188876314f4ca89261,1,1
19ec6dc6e7d843a7bfecb6028a5c4b57,1,1
27833949a2e544e09664658c773016d9,1,1
f24a6b7d742f4fd7911e9b11f473811c,1,1
302a4afa8c2c4c0da0ec6ed323ce7ef8,1,1
6882ae18ebff472aae1e03b19c4362c7,1,1
7e9f81477ab9439baaba6fd8cf69f879,1,0
438b0790c74f4cae84e295caf79b62a9,1,0
e73de7002d42494b99a014e143800b94,1,1
889b7ab032004a3eb21dd481ddba0047,1,1
dbd5e622ca5842e88e3264d26104df12,1,1
dc7ecf46fdc94d6a9f5db0e34304919e,1,1
c166880b1ba5474d8efcfddcd204fb3d,1,1
78da2eefa51b4ba2bb17885e6c3f994e,1,1
4684804cecac48829ed3780f79ac454d,1,0
6d9e07958c46446e822b6bba920201bf,1,0
4eecf88f1bdf4ac4b03dce05603560a3,1,1
1ccc0536c178491daa42da89beacf1e2,1,1
ff46ab61524f42f88877a8a73527bc02,1,0
74d3264658b0405eae58186a044f3acb,1,1
35ac170025cb4327af1bef48edbd2e98,1,1
d54aab559cc34d99a26fa265be686e06,1,1
e663515b82974a268a9178642faccf6f,1,0
9c231dc733014fe4838b8ceb04337b2d,1,1
894737ee10004cda938a100ae1a06343,1,0
6a564fb99d5d4fa5bd1852dcdbfe60c8,1,0
1be84f1f9876434db1829b33d93f28d1,1,0
cc564821f26f46bea7cbd44601def8bc,1,1
dc9bc47a053448fd9498495d3a352188,1,1
da7faf4ec855483d8cd4a26db1616647,1,0
6cf2af0e6ecf4cd6adb0cf539cce6e4d,1,1
0671466a34f7427a858c56cee17f0427,1,1
19b8b933e6ef4161983229ee1187b52d,1,0
23c04e305e1b4f53a98406b34f1ef79d,1,1
d47530e69dce4fa6a08c2b9c41d92b1a,1,0
24336753a38b4d7e9f061c7a94dd0bc4,1,0
79d18169c52b42779551add0e94d286d,1,1
a0c66c2e37884d688003b87e54d79e1d,1,1
c17332d8f50249aba75df660ca2c5f5d,1,0
8ff7fd97541d4ce7af86feef538868a0,1,1
cd58eac9ee794fecbb5e68ef40472e4f,1,0
6c73d6ff782a4f4d9254883369f6b5ea,1,0
8b44e06180a54eafbfb85efb530c58ee,1,1
2210fa9a6323412c8944c41ce8c7ab6d,1,0
aec10899668747e79c8be3258417b944,1,0
db686ca971314dd682c40bb04c80c855,1,0
3f28b1ab250943ab92c030ac579a967a,1,0
c725ab0279a944c18104af572842882c,1,1
e76e8dbad1584e2fb3c94bf862f57a2b,1,0
bf02582d48e94acfa4398881e12c1ff4,1,1
4df3bfa3a38c418b90a0dcc65575b33a,1,1
2a9e5150548644cb88212159e845440c,1,1
3b1329a3a0044f5d9f595055ad3c1c31,1,1
6ac3f3ef61b34efaa61ba4cc4c3eb2bb,1,0
61700c77b5e54fce8640feb6888ef3cf,1,0
c167ee30c7774252802ec2f92261683d,1,0
8c4dc509990a4463822efd6f01499f0d,1,1
0443d9e73b2542d4930cb5077520b927,1,1
4f51d9c426a6438f9d39999a48d4cd13,1,1
484ee927b307471ca023543ba249d0ad,1,1
cac181600f4b465db4bb2ed629e857e2,1,1
42162b8a1abd42a081730fe705d760f4,1,1
c9e7790bf36043a4ae5720cbcdcb7208,1,1
34e33c0d36c64e42bab591dfe4af245f,1,1
158a2d2cef2640dba8e193e9e7cd8a7d,1,1
76533dcaf6a742278375fa843a0a65e9,1,1
e62c02ab2b564ed8a9ba0d855340754b,1,0
93ffcf060d7643d893eafe41f91745ee,1,0
44af2294572148bf9eddd5867f5c349f,1,0
45da26c166274fa7ad9dc301f26f3a3a,1,0
878fb6def4314b4faf0c52815aff45f3,1,1
7210e381716a4b79b0d48db2379299ea,1,0
6a4cb317bbdc40cab395cf2c5bc4804d,1,1
2b34e75c2e374c9ab77468197edc0473,1,1
57e304aab0da4c24a5b185ca330c2bfd,1,1
7fe4e93c4b5043228d9ba76ad39bda44,1,1
fda8023025db42f691a09247b8066a42,1,0
43a2e225f0a340f3a556abac53d3efcf,1,1
baa1de25ce024b0b81d1ea20040c2038,1,1
f58ff54aecbf410a8bd572d39258f1ba,1,1
2af8bfc8a6b3413da4c8ee6191c05031,1,0
07bc1a5e8e7047c8b6974439869b03ca,1,1
11932cf33b1d450e975878d135140774,1,0
4ab8ec0a18904a99b3a146b615ed03ec,1,1
b375c40426f1437eadab4d5c9a4519ee,1,1
02cf7fd72b9544e0a5723d8453e1e318,1,1
c8e550909f2c4c3db168204f12b676ab,1,0
0b942ca38cac4e1ab8b5fc2ed82fcadd,1,1
131e61e7d77649e3b158a8801b278dfc,1,0
b4f6597dfef6459b94de385e1157fcd3,1,0
082a34dd289c4b7b9f06df0e5f19ed98,1,1
fdd06a93813e47d18202dd156b6c1c04,1,0
0e0cbc41810c4c85877c2c38ee02ba23,1,0
0aa3a36f88854aa493a1ca8de5e81148,1,0
b5bef2bfe4454825b60fdbb1ee97828b,1,0
81b594fbb2c44aa1821d24bbbc08c55c,1,1
3070a25b603646449eb309e45b43cbf2,1,1
ab30f840ea4a4ff1af3297f1d9af62e8,1,1
89386bdd859a46a2bbe91be3068b05d9,1,1
1e5c1881e5194769916324816c39c00d,1,1
a982fbd304ab4a57b2a9144b6a05ea36,1,1
d6446ba2a0ef4089981781083e3e2c8f,1,0
16411c0b9d25419abb37a85e7ada105e,1,0
596afcf39b804c9f92f37986213cde73,1,0
1f2c43ea5e0843eba5b4d600644556c7,1,0
0533e44edec14e44875affe25441bc61,1,0
ee1f8ced6a3b4557aa86955e1d9927e7,1,0
800a87199ffb4b2097901a5d6b2e45cf,1,0
57ba44fd2cdc47be89a356c60b956cc7,1,0
5a875d15b6a24d388e56a6f8e1df2db9,1,1
2edb2cb209634f488d05a6e8e48cd546,1,0
d1ea0da91b53418f883484ae73f3965e,1,1
5750bcab23bf4fa8979bc65908b738ae,1,1
dd2f7b0faf7e450caecfe0e2d8a79712,1,1
5b8634b3cecf4e7cbaa31bcd61a6ae03,1,1
bc46b5fb92c24965b91cbfa41d6dc1dc,1,0
3d968657323e41738eafc8317177e68b,1,1
2862d0fb8521444faef98e22804993b3,1,1
810dc80875e24daeb9317323e0528fcc,1,0
58c0bfc8c6f74772b833a7ca24692fb0,1,1
d08c604f65944221ae0b20d9f6fa6555,1,0
a60b09eb4de247b4b72d658a4be62eeb,1,1
b79593851e8247e79de43324e2bc5028,1,1
d9ee5350e39f4c5a97d826772aaefa94,1,1
c78624a521c4409088efa104cf896154,1,1
dd0215558c3447748b479887bfb7a8ce,1,0
f7b96b6181d644e99c789b14b7b46496,1,0
db6c9d42815b4ddaa8cab51257246981,1,1
b4b0dc9274b642e781647c1c553950cf,1,0
4eaa7c2455ec42f5a2b47ab071125449,1,1
2f18a52ef6194045bf6c2dde3db71f91,1,1
129be3a0bf9f4dcbb686743fe82542e6,1,1
934bbcea0a30468aa821861bb74c55a3,1,0
cffc339ab1d14e988737790f6e212101,1,0
8d42fe0edf534a6c9da78def7f187b0b,1,0
5dc2495e67b24e9aa0e17d1557f4b8bd,1,0
1472a24059e84944845dbe8ea8ea90ef,1,1
664091df136240da95630c91c7e97a0c,1,1
b53661ec591f49e39418e2b1732ae91b,1,0
472e228fb7d045d591e81d005c1c7a8a,1,0
0de6650ade3b465a8c2ee3668c59a5b5,1,0
3dd3de1f07bc4c9f845065ffc7b93b8a,1,1
ccc8797106ea452ea931c40c6d3b1fcf,1,1
f7603c573fb3461395a99bd0545bcefb,1,0
f1f157f9263a4093983bc344c2abc7d1,1,0
5b96caf7016b43728baac20e0a87351d,1,0
5056b023a5ce44b4a6f655c56de8a952,1,1
430fcbe2929d4707953d07a9194f4457,1,0
b0093fd85c014b6ba66a1d0929b55c48,1,0
f4b02c65189342f7b116a8310c39502b,1,1
f59d6a88db6f4d3a9b3a5e1ce2db3b66,1,0
1f0aecb7324e4fe9b73b0d08e5ddee58,1,0
b9e005d5b7374d44adb6fb7ac491c973,1,0
06a5b887b4e14971a1a316f03aadd3c8,1,1
cb504b36953b4d428c1deaa133ba319d,1,1
7503f43c2e5849bcaf62a5bb69534711,1,0
9c8a6044e9314fa596e38a16b4184102,1,0
242070086d2743208ea2e37b0a2de548,1,0
3a303e66e44442edbd37017068850d1e,1,1
a524f2775796473b9fae96854b64f86f,1,0
7cc77d90920543e5b7c75b04a911ef6c,1,0
7d2cd214bfbf42e1ade4b1973e72fd87,1,0
94853e7ce2d8457284da8d35ab57a336,1,1
a0dad18bc7fb4ac3b9edb353037dc856,1,0
63b35a407aad4584bdd53a030e7baed0,1,1
d0a8ce2757b24069b7a4a6c008c9283c,1,0
987a14da2e6b46d8bab14b9c4c618b49,1,1
b965bb3cb0a44d49a90a5eaa0fed5247,1,1
fb6e7bfd8fbb4f97afd8f7816c889c52,1,0
16941da81f14445b99acbc88060e071a,1,0
c2faf37f146a4f6bb32ab51bb6f079d9,1,1
6aa5da26ed1d45d79389293b214ed6f2,1,0
af7cb2b61c7c46b381b87cba05810740,1,0
dde1846569a44652b3a627d5c17b40c1,1,0
1b4b31c71f6d446fb359d60f1cf894d3,1,0
b4da320ed5654abeb8b7bfdf1cd83a3d,1,0
108242fb00a74c0080617aa0b6520025,1,1
c19c971a5d5140b5955d365f3105e0a7,1,0
7bce05a5586f411eb36daf8b903580b7,1,0
c28350212fe84fc9aa5539a46e177ca1,1,1
28d298a11ca54207a953a2e734b0bdf0,1,1
137cc4a47d8645059b2eaa5d3143f9fe,1,1
7e991f78454f416e8ab9ddb7be9a2a7b,1,0
a2b4711f07814817a162372b219de2ae,1,1
4ca4a88910e84f9fa740eb384b72e589,1,1
8b6f65858ba74c7e81e6ca70d2961fe3,1,0
f86a1c17dfda42698b33395ead23d843,1,1
8b6a81bca78049d3bfa44b71f51517da,1,0
43c3114f939849cda7c9d910a7316b1c,1,0
e930882aeb764e03abf62da939249ea5,1,1
b2612e6a8f384570898b118f6571b7a5,1,1
c0cdf02db160429db55ba01895754faf,1,1
810d22da5d284bb6b2735b9f2233cc94,1,0
9e58b1e21fe4482eaff89d6f920d757e,1,0
